id;name;active;image;image_content_type;sort_order
1;Supervisor convergence;false;../fake-data/blob/hipster.png;image/png;29936
2;azure;false;../fake-data/blob/hipster.png;image/png;22934
3;Bedfordshire SQL Heard Island and McDonald Islands;true;../fake-data/blob/hipster.png;image/png;53770
4;Bike Tuna;false;../fake-data/blob/hipster.png;image/png;63865
5;silver;false;../fake-data/blob/hipster.png;image/png;42520
6;hard drive Auto Loan Account;true;../fake-data/blob/hipster.png;image/png;34553
7;proactive Bedfordshire AI;false;../fake-data/blob/hipster.png;image/png;74546
8;Sausages Generic;true;../fake-data/blob/hipster.png;image/png;564
9;Delaware;false;../fake-data/blob/hipster.png;image/png;10279
10;Kids;false;../fake-data/blob/hipster.png;image/png;71953
